{"cameraMode":{"drawMode":0,"name":"Shaded","section":"Shading Mode"},"sceneLighting":false,"audioPlay":false,"sceneViewState":{"m_AlwaysRefresh":false,"showFog":true,"showSkybox":false,"showFlares":true,"showImageEffects":true,"showParticleSystems":true,"showVisualEffectGraphs":true,"m_FxEnabled":true},"in2DMode":false,"pivot":{"x":-11.292783737182618,"y":-0.4632496237754822,"z":-11.08031177520752},"rotation":{"x":-0.005179494619369507,"y":0.9512200951576233,"z":-0.015990981832146646,"w":-0.3080596327781677},"size":9.709192276000977,"orthographic":false}