{"cameraMode":{"drawMode":0,"name":"Shaded","section":"Shading Mode"},"sceneLighting":false,"audioPlay":false,"sceneViewState":{"m_AlwaysRefresh":false,"showFog":true,"showSkybox":false,"showFlares":true,"showImageEffects":true,"showParticleSystems":true,"showVisualEffectGraphs":true,"m_FxEnabled":true},"in2DMode":false,"pivot":{"x":3.1200294494628908,"y":1.0582722425460816,"z":-19.05193328857422},"rotation":{"x":-0.008690639398992062,"y":0.7770591974258423,"z":-0.01073156576603651,"w":-0.6292768716812134},"size":29.967405319213868,"orthographic":false}