{"cameraMode":{"drawMode":0,"name":"Shaded","section":"Shading Mode"},"sceneLighting":false,"audioPlay":false,"sceneViewState":{"m_AlwaysRefresh":false,"showFog":true,"showSkybox":false,"showFlares":true,"showImageEffects":true,"showParticleSystems":true,"showVisualEffectGraphs":true,"m_FxEnabled":true},"in2DMode":false,"pivot":{"x":3.877030611038208,"y":2.8276777267456056,"z":-0.20381197333335877},"rotation":{"x":-0.17124585807323457,"y":0.7261843085289002,"z":-0.19536714255809785,"w":-0.6365265846252441},"size":0.3397870659828186,"orthographic":false}